variable,count,mean,std,min,25%,50%,75%,max,original
dummy1,1000.0,-0.00029356993044582475,0.0105711824614251,-0.0365340922933352,-0.007064631307036525,0.00014787785135255002,0.0069989844510773,0.0383061947224554,0.0067857033445184
dummy2,1000.0,-0.0003682369501205243,0.012008836529319217,-0.0405785050615348,-0.008256793656194274,-0.0006355750754556,0.0078958699247779,0.0363841386087551,0.009411883273632
x1,1000.0,0.07882984705906174,3.152822709141878,-8.913616132191432,-1.9547876746892634,0.03049688661237315,2.1041744576244135,28.20443534054071,28.20443534054071
x2,1000.0,0.38279300172877134,7.731229230459342,-21.892377059281017,-4.823102245864364,0.35512420579372783,5.100155475254038,75.05171036396807,75.05171036396807
x3,1000.0,0.053397354064643965,1.9077118385409335,-5.573807304932158,-1.2372128319429114,0.08433614257403825,1.3418377132329122,17.754573246691447,17.754573246691447
